<databaseChangeLog
        xmlns="http://www.liquibase.org/xml/ns/dbchangelog"
        xmlns:xsi="http://www.w3.org/2001/XMLSchema-instance"
        xsi:schemaLocation="http://www.liquibase.org/xml/ns/dbchangelog
                            http://www.liquibase.org/xml/ns/dbchangelog/dbchangelog-3.10.xsd">

    <changeSet id="Create USERS table" author="DEVELOPER">
        <preConditions onFail="MARK_RAN">
            <not>
                <tableExists tableName="users"/>
            </not>
        </preConditions>
        <sql>
            CREATE TABLE users (
            id BIGINT PRIMARY KEY AUTO_INCREMENT,
            first_name VARCHAR(255) NOT NULL,
            last_name VARCHAR(255) NOT NULL,
            email VARCHAR(255) NOT NULL,
            password VARCHAR(255) NOT NULL,
            role VARCHAR(255) NOT NULL
            );
        </sql>
    </changeSet>
</databaseChangeLog>
